Acronym,Translation,Description,,,,,,,,,,,
1PA,one-post-adiabatic,,,,,,,,,,,,
AAM,Active Aperture Mechanism,,,,,,,,,,,,
AB,Actuator Block,,,,,,,,,,,,
ABCL,As-Built Configuration List,,,,,,,,,,,,
AC,Alternating Current,,,,,,,,,,,,
ACM,Agency Controlled Milestones,,,,,,,,,,,,
AD,Applicable Document,,,,,,,,,,,,
ADC,Analog-To-Digital Converter,,,,,,,,,,,,
ADPLL,all-digital phase-locked loop,,,,,,,,,,,,
AE,Arianespace,,,,,,,,,,,,
AEI,Albert Einstein Institute,,,,,,,,,,,,
AGIS,Atomic Gravitational-wave Interferometer Sensor,,,,,,,,,,,,
AGN,Active Galactic Nuclei,,,,,,,,,,,,
AI,Atom Interferometry,,,,,,,,,,,,
AIL,Action Item List,,,,,,,,,,,,
AIT,"Assembly, Integration, and Testing",,,,,,,,,,,,
AIV,"Assembly, Integration and Verification",,,,,,,,,,,,
AK,Analytic Kludge,,,,,,,,,,,,
AKE,attitude absolute knowledge,,,,,,,,,,,,
ALD,Advanced Light Direction,,,,,,,,,,,,
ALMA,Atacama Large Millimeter/submillimeter Array,,,,,,,,,,,,
AM CVN,AM Canum Venaticorum star (cataclysmic variable),,,,,,,,,,,,
AMR,Anisotropic Magnetoresistors,,,,,,,,,,,,
AMU,Accelerometer Measurement Unit,,,,,,,,,,,,
AO,Announcement Of Opportunity,,,,,,,,,,,,
AOCS,Attitude & Orbit Control System,,,,,,,,,,,,
AOM,acousto-optic modulator,,,,,,,,,,,,
AP,(NASA's) Astrophysics Division,,,,,,,,,,,,
APE,Absolute Pointing Error,,,,,,,,,,,,
API,Application Programming Interface,,,,,,,,,,,,
APID,Application Process Identification,,,,,,,,,,,,
APM,Antenna Pointing Mechanism,,,,,,,,,,,,
ASI,Agenzia Spaziale Italiana,,,,,,,,,,,,
ASD,Amplitude Spectral Density,,,,,,,,,,,,
ASM,Analogue Signal Monitor,,,,,,,,,,,,
ASTROWG,Astrophysics Working Group,,,,,,,,,,,,
ATA,Allen Telescope Array,,,,,,,,,,,,
"ATC, UK ATC",UK Astronomy Technology Centre,,,,,,,,,,,,
ATLO,"Assembly, Test, and Launch Operations",,,,,,,,,,,,
ATM,Acoustic Telemetry Modem,,,,,,,,,,,,
ATM,Augmented Telemetry,,,,,,,,,,,,
ATP,Authorisation To Proceed,,,,,,,,,,,,
AU,Astronomical Unit,,,,,,,,,,,,
Au,gold,,,,,,,,,,,,
AVM,Avionic Model,,,,,,,,,,,,
ASW,Application Software,,,,,,,,,,,,
AWG,American Wire Gauge,,,,,,,,,,,,
BAM,Beam Alignment Mechanism,,,,,,,,,,,,
BAO,Baryonic Acoustic Oscillation,,,,,,,,,,,,
BB,Breadboard,,,,,,,,,,,,
BBN,Big Bang Nucleosynthesis,,,,,,,,,,,,
BCR,Battery Charge Regulator,,,,,,,,,,,,
BCRS,Barycentric Celestial Reference System,,,,,,,,,,,,
BDM,Bi-Level Discrete Monitor,,,,,,,,,,,,
BEE,Back End Electronics,,,,,,,,,,,,
BELSPO,Belgian Science Policy,,,,,,,,,,,,
BER,Bit Error Rate,,,,,,,,,,,,
BH,Black Hole,,,,,,,,,,,,
B,Black Hole Binary,,,,,,,,,,,,
BIPR,Background Intellectual Properties Rights,,,,,,,,,,,,
BM,Balance Mass,,,,,,,,,,,,
BoB,Break Out Box,,,,,,,,,,,,
BoL,Beginning-Of-Life,,,,,,,,,,,,
BSM,Physics beyond the Standard Model,,,,,,,,,,,,
BSW,Basic Software,,,,,,,,,,,,
CAB,Change Appeal Board,,,,,,,,,,,,
CAC,Cost at Completion,,,,,,,,,,,,
CAD,Computer Aided Design,,,,,,,,,,,,
CADM,Configuration And Data Management,,,,,,,,,,,,
CAM,Constellation Acquisition Mode,,,,,,,,,,,,
CAS,Constellation Acquisition System,,,,,,,,,,,,
CAS-OH,CAS Optical Head,,,,,,,,,,,,
CAS-EU,CAS Electronic Unit,,,,,,,,,,,,
CATWP,Catalogues Work Package,,,,,,,,,,,,
CBE,Current Best Estimate,,,,,,,,,,,,
CBOD,Clamp Band Opening Device,,,,,,,,,,,,
CCCP,"Cleanliness, Contamination, and Control Plan",,,,,,,,,,,,
CCD,Charge-Coupled Device,,,,,,,,,,,,
CCN,Contract Change Notice,,,,,,,,,,,,
CCU,Charging Control Unit,,,,,,,,,,,,
CCS,Central Checkout System,,,,,,,,,,,,
CCSDS,Consultative Committee for Space Data Systems,,,,,,,,,,,,
CCW,Counterclockwise,,,,,,,,,,,,
CDF,Concurrent Design Facility,,,,,,,,,,,,
CDM,Cold Dark Matter,,,,,,,,,,,,
CDMS,Central Data Management System,,,,,,,,,,,,
CDMU,Control and Data Management Unit,,,,,,,,,,,,
CDR,Critical Design Review,,,,,,,,,,,,
CE,European safety standard,,,,,,,,,,,,
CE,Cosmic Explorer,,,,,,,,,,,,
CE,Conducted Emission,,,,,,,,,,,,
CEL,Critical Event Log,,,,,,,,,,,,
CF,Communication Frame,,,,,,,,,,,,
CFI,Customer-Furnished Items,,,,,,,,,,,,
CFRP,Carbon Fibre Reinforced Plastic,,,,,,,,,,,,
CG,Cold Gas,,,,,,,,,,,,
CIDL,Configuration Item Data List,,,,,,,,,,,,
CIL,Critical Items List,,,,,,,,,,,,
CIP,Continuous Improvement Program,,,,,,,,,,,,
CL,Confidence Level,,,,,,,,,,,,
CLA,Coupled Loads Analysis,,,,,,,,,,,,
CLHT,Can LISA Hear This? (Detectability Calculator),,,,,,,,,,,,
CM,Charging Mechanism,,,,,,,,,,,,
CM,Configuration Management,,,,,,,,,,,,
CM,Common Mode,,,,,,,,,,,,
CMB,Cosmic Microwave Background,,,,,,,,,,,,
CMD,Charge Management Device,,,,,,,,,,,,
CMM,Coordinate Measuring Machine,,,,,,,,,,,,
CMNT,Colloid Micro-Newton Thruster,,,,,,,,,,,,
CMRR,Common Mode Rejection Ratio,,,,,,,,,,,,
CMS,Charge Management System,,,,,,,,,,,,
CMU,Charge Management Unit,,,,,,,,,,,,
CNES,Centre National d'Etudes Spatiales,,,,,,,,,,,,
COBE,Cosmic Background Explorer,,,,,,,,,,,,
CoC,Certificate of Conformance,,,,,,,,,,,,
COG,Center of Gravity,,,,,,,,,,,,
COM,Centre Of Mass,,,,,,,,,,,,
COMBO,Classifying Objects By Medium-Band Observations,,,,,,,,,,,,
COMS,Communications System (telemetry),,,,,,,,,,,,
COSMOS,Cosmic Evolution Survey,,,,,,,,,,,,
COSWG,Cosmology Working Group,,,,,,,,,,,,
COTE,Check-Out Test Equipment,,,,,,,,,,,,
COTS,Commercial off the Shelf,,,,,,,,,,,,
CPE,Control and PAAM Electronics (CPE),,,,,,,,,,,,
CPIS,Consortium Provided Items,,,,,,,,,,,,
CPPA,Coordinated Parts Procurement Agency,,,,,,,,,,,,
CPTA,Chinese Pulsar Timing Array,,,,,,,,,,,,
CPU,Central Processing Unit,,,,,,,,,,,,
CQP,Calibrated Quadrant Photodiode Pair,,,,,,,,,,,,
CR,Change Request,,,,,,,,,,,,
CRS,Contamination requirements specification,,,,,,,,,,,,
CAR,Contamination Analysis Report,,,,,,,,,,,,
CRB,Change Review Board,,,,,,,,,,,,
CReMA,Consolidated Report on Mission Analysis,,,,,,,,,,,,
CS,Conducted Susceptibility,,,,,,,,,,,,
CS,Cosmic String,,,,,,,,,,,,
CSAR,Configuration Status Accounting Report,,,,,,,,,,,,
CSD,Cross Spectral Density,,,,,,,,,,,,
CST,Community Science Team,,,,,,,,,,,,
CTE,Coefficient Of Thermal Expansion,,,,,,,,,,,,
CTP,Core Technology Program,,,,,,,,,,,,
CVCM,"Collected volatile condensable material,",,,,,,,,,,,,
CVM,Caging and Venting Mechanism,,,,,,,,,,,,
CW,Continuous Wave,,,,,,,,,,,,
CW,ClockWise,,,,,,,,,,,,
CWD,Compact White Dwarf binaries,,,,,,,,,,,,
DA,Data Analysis,,,,,,,,,,,,
DAAP,Deep Analysis Alert Pipeline,,,,,,,,,,,,
DAC,Digital-to-Analog Converter,,,,,,,,,,,,
DACU,Diagnostic Acquisition and Control Unit,,,,,,,,,,,,
DAFTWP,Data Analysis Framework and Tools Work Packages,,,,,,,,,,,,
DAUGHTER-S,Daughter spacecraft,,,,,,,,,,,,
DB,Data Base,,,,,,,,,,,,
DC,Direct Current,,,,,,,,,,,,
DCBH,Direct Collapse Black Hole,,,,,,,,,,,,
DCC,Data Computing Centre,,,,,,,,,,,,
DCI,Dossier de Contrôle des Interfaces,,,,,,,,,,,,
DCIU,Digital Control Interface Unit,,,,,,,,,,,,
DCL,Declared Components List,,,,,,,,,,,,
DCP,De-Commissioning Phase,,,,,,,,,,,,
DCR,Document Change Request,,,,,,,,,,,,
DD,Displacement Damage,,,,,,,,,,,,
DDE,Diagnostics Drive Electronics,,,,,,,,,,,,
DDF,Design Definition File,,,,,,,,,,,,
DDPC,Distributed Data Processing Centre,,,,,,,,,,,,
DDVP,"Design, Development and Verification Plan",,,,,,,,,,,,
DEEP2,Deep Extragalactic Evolutionary Probe 2,,,,,,,,,,,,
DF,drag-free,,,,,,,,,,,,
DFACS,Drag-Free Attitude Control System,,,,,,,,,,,,
DGMM,Detailed Geometrical Mathematical Model,,,,,,,,,,,,
DHLC,Data Handling And Laser Control,,,,,,,,,,,,
DJF,Design Justification File,,,,,,,,,,,,
DLL,delay-locked loop,,,,,,,,,,,,
DLR,Deutsches Zentrum für Luft- und Raumfahrt,,,,,,,,,,,,
DM,Differential Mode,,,,,,,,,,,,
DM,Development Model,,,,,,,,,,,,
DM,Dark Matter,,,,,,,,,,,,
DML,Declared Material List,,,,,,,,,,,,
DMPL,Declared Mechanical Part List,,,,,,,,,,,,
DMS,Document Management System,,,,,,,,,,,,
DMU,Data Management Unit,,,,,,,,,,,,
DNEL,Disconnection of Non-Essential Loads,,,,,,,,,,,,
DOD,Depth Of Discharge,,,,,,,,,,,,
DOF,Degrees Of Freedom,,,,,,,,,,,,
DP,Diagnostic Package,,,,,,,,,,,,
DPA,Destructive Physical Analysis,,,,,,,,,,,,
DPC,Data Processing Centre,,,,,,,,,,,,
DPL,Declared Process List,,,,,,,,,,,,
DPL,Daily Pipeline,,,,,,,,,,,,
DPLL,Digital Phase Locked Loop,,,,,,,,,,,,
DPS,Differential Power Sensing,,,,,,,,,,,,
DR,data release,,,,,,,,,,,,
DRB,Delivery Review Board,,,,,,,,,,,,
DRPT,Data Release Product Team,,,,,,,,,,,,
DRD,Document Requirements Definition,,,,,,,,,,,,
DRL,Document Requirements List,,,,,,,,,,,,
DRS,Disturbance Reduction System,,,,,,,,,,,,
DS,Diagnostics Subsystem,,,,,,,,,,,,
DSA,Deep Space Antenna,,,,,,,,,,,,
DSC,Daughter Space Craft,,,,,,,,,,,,
DSN,Deep Space Network,,,,,,,,,,,,
DSP,Data Signal Processing,,,,,,,,,,,,
DST,Deep Space Transponder,,,,,,,,,,,,
DTCP,Daily Telemetry Communications Period,,,,,,,,,,,,
DTM,Deterministic Transfer Manoeuvre,,,,,,,,,,,,
DTMM,Detailed Thermal Mathematical Model,,,,,,,,,,,,
DTU,Danmarks Tekniske Universitet,,,,,,,,,,,,
DUT,Device under test,,,,,,,,,,,,
DWD,Double White Dwarf (binary),,,,,,,,,,,,
DWS,Differential Wavefront Sensing,,,,,,,,,,,,
E2E,End-to-End,,,,,,,,,,,,
EAR,Export Authorisation Regulation,,,,,,,,,,,,
EBB,Engineering (or Elegant) Bread Board,,,,,,,,,,,,
EBM,External Balance Mass,,,,,,,,,,,,
EC,Export Control,,,,,,,,,,,,
ECDL,Extended Cavity Diode Laser,,,,,,,,,,,,
ECSS,European Cooperation for Space Standardization,,,,,,,,,,,,
ECP,Export Control Plan,,,,,,,,,,,,
EDU,Engineering Development Unit,,,,,,,,,,,,
EED,Electro-Explosive Device,,,,,,,,,,,,
EEE,"Electrical, Electronic and Electro-mechanical",,,,,,,,,,,,
EEPROM,Electrically Erasable Programmable Read-Only Memory,,,,,,,,,,,,
EFC2,ESA/ESTEC Frame Contract 2,,,,,,,,,,,,
EGAPS,European Galactic Plane Surveys,,,,,,,,,,,,
EGSE,Electrical Ground Support Equipment,,,,,,,,,,,,
EH,Electrode Housing,,,,,,,,,,,,
EIDP,End Item Data Package,,,,,,,,,,,,
EIRP,Effective Isotropic Radiative Power,,,,,,,,,,,,
ELISA,Evolved Laser Interferometer Space Antenna,,,,,,,,,,,,
ELITE,European LISA Technology Experiment,,,,,,,,,,,,
ELT,Extremely Large Telescope,,,,,,,,,,,,
EM,Engineering Model,,,,,,,,,,,,
EMC,Earth-Mean Ecliptic,,,,,,,,,,,,
EMC,Electro-Magnetic Compatibility,,,,,,,,,,,,
EME,Earth Mean Equator of J2000,,,,,,,,,,,,
EMI,Electro-Magnetic Interference,,,,,,,,,,,,
EMRB,Extreme Mass-Ratio Bursts,,,,,,,,,,,,
EMRI,Extreme Mass-Ratio Inspiral,,,,,,,,,,,,
EOB,effective one-body,,,,,,,,,,,,
eNCTS,Nonconformance tracking,,,,,,,,,,,,
EOC,End Of Charge,,,,,,,,,,,,
EOD,End Of Discharge,,,,,,,,,,,,
EOL,End-Of-Life,,,,,,,,,,,,
EOM,Electro-Optical Modulator,,,,,,,,,,,,
EOM,Equations of Motion,,,,,,,,,,,,
EPPL,European Preferred Part List,,,,,,,,,,,,
EPMS,Extended Phase Measuring System,,,,,,,,,,,,
EPS,Electrical Power System,,,,,,,,,,,,
EPTA,European Pulsar Timing Array,,,,,,,,,,,,
EQM,Engineering Qualification Model,,,,,,,,,,,,
ERST,Early Release Science Time,,,,,,,,,,,,
ESA,European Space Agency,,,,,,,,,,,,
ESAC,European Space Astronomy Centre,,,,,,,,,,,,
ESDC,ESAC Science Data Centre,,,,,,,,,,,,
ESCC,European Space Components Coordination,,,,,,,,,,,,
ESD,Electrostatic Discharge,,,,,,,,,,,,
ESOC,European Space Operations Centre,,,,,,,,,,,,
ESP,Extended Science Phase,,,,,,,,,,,,
ESTEC,European Space Research and Technology Centre,,,,,,,,,,,,
ESTRACK,European Space TRACKing,,,,,,,,,,,,
ET,Einstein Telescope,,,,,,,,,,,,
"ETH, ETHZ",Eidgenössische Technische Hochschule Zürich,,,,,,,,,,,,
ETU,Engineering Thermal Unit,,,,,,,,,,,,
EW,Electroweak,,,,,,,,,,,,
FA,Fiber Amplifier,,,,,,,,,,,,
FAQ,Frequently Asked Question(s),,,,,,,,,,,,
FBD,Functional Block Diagram,,,,,,,,,,,,
FCC,Future Circular Collider,,,,,,,,,,,,
FCL,Fold-back Current Limiter,,,,,,,,,,,,
FCV,Flow Control Valve,,,,,,,,,,,,
FCV,Functional Configuration Verification,,,,,,,,,,,,
FD,Flight Dynamics,,,,,,,,,,,,
FDDB,Flight Dynamics Data Base,,,,,,,,,,,,
FDIR,"Failure Detection, Isolation, And Recovery",,,,,,,,,,,,
FDS,Frequency Distribution System,,,,,,,,,,,,
FDV,Fill and Drain Valve,,,,,,,,,,,,
FE,Finite Element,,,,,,,,,,,,
FEE,Front-End Electronics,,,,,,,,,,,,
FEE SAU,Front-End Electronics Sensing And Actuation Unit,,,,,,,,,,,,
FEEP,Field-Emission Electric Propulsion,,,,,,,,,,,,
FEM,Finite Element Model,,,,,,,,,,,,
FER,Frame Error Rate,,,,,,,,,,,,
FFPT,Full Functional Performance Test,,,,,,,,,,,,
FFT,Full Functional Test,,,,,,,,,,,,
FIOS,Fibre Injector Optical Subassembly,,,,,,,,,,,,
FIT,Failure In Time (per billion cycles),,,,,,,,,,,,
FITS,Flexible Image Transport System,,,,,,,,,,,,
FM,Flight Model,,,,,,,,,,,,
FMEA,"Failure Mode, Effects and Analysis",,,,,,,,,,,,
FMECA,Failure Mode Effects and Criticality Analysis,,,,,,,,,,,,
FMT,Formulation Management Team,,,,,,,,,,,,
FOH,Fibre Optical Harness,,,,,,,,,,,,
FO,Fibre optics,,,,,,,,,,,,
FOM,Figures of Merit,,,,,,,,,,,,
FOP,Flight Operations Plan,,,,,,,,,,,,
FOPT,First-Order Phase Transition,,,,,,,,,,,,
FOS,Factor of Safety,,,,,,,,,,,,
FOV,Field of View,,,,,,,,,,,,
FPAG,Fundamental Physics Advisory Group,,,,,,,,,,,,
FPGA,Field-Programmable Gate Array,,,,,,,,,,,,
FPWG,Fundamental Physics Working Group,,,,,,,,,,,,
FRS,Frequency Reference System,,,,,,,,,,,,
FRS-E,Frequency Reference System- Electrical,,,,,,,,,,,,
FRS-O,Frequency Reference System- Optical,,,,,,,,,,,,
FS,Flight Spare,,,,,,,,,,,,
FS,Flight Segment,,,,,,,,,,,,
FSM,Finite State Machine,,,,,,,,,,,,
FSU,Fibre Switching Unit,,,,,,,,,,,,
FSUA,Fiber Switch Unit Actuator,,,,,,,,,,,,
FTE,Full-Time Equivalent,,,,,,,,,,,,
FUMO,Functional Model,,,,,,,,,,,,
FVV,Fill and Vent Valve,,,,,,,,,,,,
FWHM,Full Width Half Maximum,,,,,,,,,,,,
FZU,Institute of Physics of the Czech Academy of Sciences,,,,,,,,,,,,
GB,Galactic Binary,,,,,,,,,,,,
GBS,Galactic Binaries,,,,,,,,,,,,
GCR,Galactic Cosmic Ray,,,,,,,,,,,,
GCRS,Geocentric Celestial Reference System,,,,,,,,,,,,
GND,Ground,,,,,,,,,,,,
GOAT,Gravitational Observatory Advisory Team,,,,,,,,,,,,
GPRM,"Grabbing, Positioning & Release Mechanism",,,,,,,,,,,,
GR,General Theory Of Relativity,,,,,,,,,,,,
GR740,LEON4 SPARCv8 microprocessor,,,,,,,,,,,,
GRACE,Gravity Recovery and Climate Experiment,,,,,,,,,,,,
GRB,Gamma-Ray Burst,,,,,,,,,,,,
GRS,Gravitational Reference Subsystem,,,,,,,,,,,,
GRS-FEE,Gravitational Reference Subsystem Front End Electronics,,,,,,,,,,,,
GRSH,Gravitational Reference Subsystem Head,,,,,,,,,,,,
GRS- HSU,Gravitational Reference Subsystem Harness Splitter Unit,,,,,,,,,,,,
GS,Ground Station,,,,,,,,,,,,
GS,Ground Segment,,,,,,,,,,,,
GSE,Ground Support Equipment,,,,,,,,,,,,
GSIR,Ground Segment Implementation Review,,,,,,,,,,,,
GSF,Gravitational Self-Force,,,,,,,,,,,,
GSFC,Goddard Space Flight Center,,,,,,,,,,,,
GSORR,Ground Segment Operations Readiness Review,,,,,,,,,,,,
GSRR,Ground Segment Readiness Review,,,,,,,,,,,,
GUT,Grand Unified Theory,,,,,,,,,,,,
GW,Gravitational Wave,,,,,,,,,,,,
GW-WG,Gravitational-wave Observatory Working Group,,,,,,,,,,,,
"H/W, HW",Hardware,,,,,,,,,,,,
HBR,High Bit Rate,,,,,,,,,,,,
HC-HPC,High Current-High Power Command,,,,,,,,,,,,
HDF,Hierarchical Data Format,,,,,,,,,,,,
HDRM,Hold Down and Release Mechanism,,,,,,,,,,,,
HDSW,Hardware-Dependent Software,,,,,,,,,,,,
HEO,High Earth Orbit,,,,,,,,,,,,
HETO,Heliocentric Earth Trailing Orbit,,,,,,,,,,,,
HG,Mercury,,,,,,,,,,,,
HGA,High-Gain Antenna,,,,,,,,,,,,
HK,Housekeeping,,,,,,,,,,,,
HL-LHC,High Luminosity Large Hadron Collider,,,,,,,,,,,,
HPC,High Power Command,,,,,,,,,,,,
HR,High Resolution,,,,,,,,,,,,
HR-LA,High Resolution Low Authority,,,,,,,,,,,,
HR-MA,High Resolution Maximum Authority,,,,,,,,,,,,
HSIA,Hardware Software Interaction Analysis,,,,,,,,,,,,
HST,Hubble Space Telescope,,,,,,,,,,,,
HV-HPC,High Voltage-High Power Command,,,,,,,,,,,,
"I&T, IT",Integration and Test(ing),,,,,,,,,,,,
"I/F, IF",Interface,,,,,,,,,,,,
IA,Instrument Amplifier,,,,,,,,,,,,
IAAS,Infrastructure As A Service,,,,,,,,,,,,
IAU,International Astronomical Union,,,,,,,,,,,,
IBM,Internal Balance Mass,,,,,,,,,,,,
ICC,Instrument Control Computer,,,,,,,,,,,,
ICD,Interface Control Document,,,,,,,,,,,,
ICRF,International Celestial Reference Frame,,,,,,,,,,,,
ICRS,International Celestial Reference System,,,,,,,,,,,,
ICSO,Innermost Stable Circular Orbit,,,,,,,,,,,,
IDA,Initial Displacement Angle,,,,,,,,,,,,
IDL,Interferometer Data Log,,,,,,,,,,,,
IDM,Information Documentation Management,,,,,,,,,,,,
IDS,Interferometric Detection Subsystem,,,,,,,,,,,,
IEEC,Institut d'Estudis Espacials de Catalunya,,,,,,,,,,,,
IF,Interface,,,,,,,,,,,,
IFO,InterFerOmeter,,,,,,,,,,,,
IFP,In-Field Pointing,,,,,,,,,,,,
IFVM,Interface Verification Model,,,,,,,,,,,,
IGM,Inter-Galactic Medium,,,,,,,,,,,,
ILS,Instrument Line of Sight,,,,,,,,,,,,
IMA,Integrated Modular Avionics,,,,,,,,,,,,
IMBH,Intermediate-Mass Black Hole,,,,,,,,,,,,
IMBHB,Intermediate Mass Black Hole Binary,,,,,,,,,,,,
IMF,Initial Mass Function,,,,,,,,,,,,
IMR,Inspiral-Merger-Ringdown,,,,,,,,,,,,
IMRI,Intermediate Mass-Ratio Inspiral,,,,,,,,,,,,
IMS,Interferometric Measurement System,,,,,,,,,,,,
IN2P3,National Institute of Nuclear and Particle Physics,,,,,,,,,,,,
INFN,Instituto Nazionale di Fisica Nucleare,,,,,,,,,,,,
InGaAs,Indium-Gallium Arsenide,,,,,,,,,,,,
INPTA,Indian pulsar Timing Array,,,,,,,,,,,,
INREP,Initial Noise Reduction Pipeline,,,,,,,,,,,,
INSPRL,Interferometer in Space for Detecting Gravity-wave Radiation using Lasers,,,,,,,,,,,,
IOT,Instruments Operations Team,,,,,,,,,,,,
IPC,Industrial Policy Committee,,,,,,,,,,,,
IPT,Integrated Product Team,,,,,,,,,,,,
IPTF,intermediate Palomar Transient Factory,,,,,,,,,,,,
IPU,Interferometry Processing Unit,,,,,,,,,,,,
IR,Infra-red,,,,,,,,,,,,
IRD,Interface Requirement Document,,,,,,,,,,,,
ISC,Inter-spacecraft Laser Communication,,,,,,,,,,,,
ISH,Inertial Sensor Head,,,,,,,,,,,,
ISI,Inter-Satellite Interferometer,,,,,,,,,,,,
ISL,Inter Satellite Link,,,,,,,,,,,,
ISM,Instrument Sensitivity Model,,,,,,,,,,,,
ISPE,Instrument Scientists \& Payload Experts,,,,,,,,,,,,
ISUK,Inertial Sensor UV Kit,,,,,,,,,,,,
ISVV,Independent Software Verification and Validation,,,,,,,,,,,,
IT,Information Technology,,,,,,,,,,,,
ITAR,International Traffic in Arms Regulations,,,,,,,,,,,,
ITAT,Integrated Technical Advisory Team(s),,,,,,,,,,,,
ITRF,International Terrestrial Reference Frame,,,,,,,,,,,,
ITT,Invitation To Tender,,,,,,,,,,,,
JILA,Joint Institute For Laboratory Astrophysics,,,,,,,,,,,,
JPIP,Joint Project Implementation Plan,,,,,,,,,,,,
JPL,Jet Propulsion Laboratory,,,,,,,,,,,,
KO,Kick-off,,,,,,,,,,,,
KIP,Key Inspection Point,,,,,,,,,,,,
KPI,Key Performance Indicator,,,,,,,,,,,,
KRU,Kourou,,,,,,,,,,,,
"KU, KUL",Katholieke Universiteit Leuven,,,,,,,,,,,,
L0,Level 0 data,,,,,,,,,,,,
L0.5,Level 0.5 data,,,,,,,,,,,,
L1,Level 1 data,,,,,,,,,,,,
L2,Level 2 data,,,,,,,,,,,,
L3,Level 3 data,,,,,,,,,,,,
LA,Launch Adapter,,,,,,,,,,,,
LAT,Lot Acceptance Test,,,,,,,,,,,,
LBR,Low Bit Rate,,,,,,,,,,,,
LAGOS,Laser Antenna For Gravitational-Radiation Observation In Space,,,,,,,,,,,,
LCA,LISA Core Assembly,,,,,,,,,,,,
LCC,Life Cycle Cost,,,,,,,,,,,,
LCL,Latching Current Limiter,,,,,,,,,,,,
LCL,LISA Consortium Lead,,,,,,,,,,,,
LCM,Spacecraft Composite Stack,,,,,,,,,,,,
LD,Laser Diode,,,,,,,,,,,,
LDB,LISA Mission Database,,,,,,,,,,,,
LDC,LISA Data Challenge,,,,,,,,,,,,
LDCWG,LISA Data Challenge Working Group,,,,,,,,,,,,
LDP,LISA Data Processing,,,,,,,,,,,,
LDPC,Low-Density Parity Check,,,,,,,,,,,,
LDPG,LISA Data Progressing Group,,,,,,,,,,,,
LED,Light-Emitting Diode,,,,,,,,,,,,
LEM,Laser Electronics Module,,,,,,,,,,,,
LEOP,Launch and Early Operations Phase,,,,,,,,,,,,
LFS,Laser Frequency Stabilisation,,,,,,,,,,,,
LGA,Low-Gain Antenna,,,,,,,,,,,,
LH,Laser Head,,,,,,,,,,,,
LHC,Large Hadron Collider,,,,,,,,,,,,
LHCP,Left Hand Circular Polarization,,,,,,,,,,,,
LI,List,,,,,,,,,,,,
LIC,Lisa Instrument Consortium,,,,,,,,,,,,
LID / LIC,Laser Induced Damage (LID) and Laser Induced Contamination (LIC),,,,,,,,,,,,
LIG,LISA Instrument Group,,,,,,,,,,,,
LIGO,Laser Interferometer Gravitational Wave Observatory,,,,,,,,,,,,
LIMAS,LISA Instrument and Metrology Avionics System,,,,,,,,,,,,
LISA,Laser Interferometer Space Antenna,,,,,,,,,,,,
LISN,Line Impedance Stabilization Network,,,,,,,,,,,,
LISPEG,LISA Instrument Scientists and Payload Experts Group,,,,,,,,,,,,
LIST,Lisa International Science Team,,,,,,,,,,,,
LLAP,Low Latency Alert Pipeline,,,,,,,,,,,,
LLD,Launch Lock Device,,,,,,,,,,,,
LLI,Long Lead Item,,,,,,,,,,,,
LM,Life Model,,,,,,,,,,,,
LMB / LMBW," 
LISA Measurement Bandwidth",,,,,,,,,,,,
LMC,Large Magellanic Cloud,,,,,,,,,,,,
LMF,LISA Mission Formulation,,,,,,,,,,,,
LMT,Large Momentum Transfer,,,,,,,,,,,,
LO,Local Oscillator,,,,,,,,,,,,
LOA,Letter of Agreement,,,,,,,,,,,,
LOCS,LISA Opto-mechanical Core System,,,,,,,,,,,,
LOLIPP,Level 0 To Level 1 Pipeline Procedure,,,,,,,,,,,,
LOM,Laser Optical Module,,,,,,,,,,,,
LOS,Line Of Sight,,,,,,,,,,,,
LPF,Lisa Pathfinder,,,,,,,,,,,,
LPS,Launch Power Supply,,,,,,,,,,,,
LRI,Laser-Ranging Interferometer,,,,,,,,,,,,
LRR,Launch Readiness Review,,,,,,,,,,,,
LS,Laser System,,,,,,,,,,,,
LSA,Launch Service Agreement,,,,,,,,,,,,
LSB,Least Significant Bit,,,,,,,,,,,,
LSG,Lisa Science Group,,,,,,,,,,,,
LSGCORE,LISA Science Group Core Team,,,,,,,,,,,,
LSO,Last Stable Orbit,,,,,,,,,,,,
LSST,Large Synoptic Survey Telescope,,,,,,,,,,,,
LST,LISA Science Team,,,,,,,,,,,,
LTC,Light Time Correction,,,,,,,,,,,,
LTP,Lisa Pathfinder Technology Package,,,,,,,,,,,,
LTPDA,LISA Technology Package Data Analysis,,,,,,,,,,,,
LTT,Light Travel Time,,,,,,,,,,,,
LUT,Look-Up Table,,,,,,,,,,,,
LV,Launch vehicle,,,,,,,,,,,,
LV,Latch Valve,,,,,,,,,,,,
LVA,Launch Vehicle Adaptor,,,,,,,,,,,,
LVDS,Low Voltage Differential Signalling,,,,,,,,,,,,
LVK,"LIGO, Virgo, and KAGRA",,,,,,,,,,,,
MA,Mission Assurance,,,,,,,,,,,,
MAC,Mass Acceleration Curve,,,,,,,,,,,,
MAIT,Manufacturing Assembly Integration Tolerances,,,,,,,,,,,,
MAR,Mission Adoption Review,,,,,,,,,,,,
MAXI,Monitor Of All-Sky X-Ray Image,,,,,,,,,,,,
MBH,Massive Black Hole,,,,,,,,,,,,
MBHB,Massive Black Hole Binary,,,,,,,,,,,,
MBW,Measurement Bandwidth,,,,,,,,,,,,
MCI,"Mass, Center of gravity and Inertia",,,,,,,,,,,,
MCMC,Markov-Chain Monte Carlo,,,,,,,,,,,,
MCR,Mission Consolidation Review,,,,,,,,,,,,
MCU,Mechanism Control Unit,,,,,,,,,,,,
MDR,Main Data Repository,,,,,,,,,,,,
MECC,Merger Event Coordination Committee,,,,,,,,,,,,
MEDA,Mean Earth Displacement Angle,,,,,,,,,,,,
MEL,Master Equipment List,,,,,,,,,,,,
MEOP,Maximum Expected Operating Pressure,,,,,,,,,,,,
MEP,Maximum Expected Pressure,,,,,,,,,,,,
MFR,Mission Formulation Review,,,,,,,,,,,,
MFS,Main Frequency Stabilisation,,,,,,,,,,,,
MGSE,Mechanical Ground Support Equipment,,,,,,,,,,,,
MIB,Mission Information Base,,,,,,,,,,,,
MICD,Mechanical Interface Control Document,,,,,,,,,,,,
MICINN,Ministerio de Ciencia e Innovación del Reino de España,,,,,,,,,,,,
MIDA,Mean (Earth) Initial Displacement Angle,,,,,,,,,,,,
MIFO,Metallic Interferometer,,,,,,,,,,,,
MIL,(Spec) Specification Of The US Department Of Defence,,,,,,,,,,,,
MIN/min,Minimum,,,,,,,,,,,,
MIP,Mandatory Inspection Point,,,,,,,,,,,,
MIP,Mission Implementation Plan,,,,,,,,,,,,
MIRD,Mission Implementation Requirement Document,,,,,,,,,,,,
MLA,Multi-Lateral Agreement,,,,,,,,,,,,
MLB,Motorised Light Band,,,,,,,,,,,,
MLDC,Mock Lisa Data Challenge,,,,,,,,,,,,
MLI,Multi Layer Insulation,,,,,,,,,,,,
MLTS,MOSA Locking & Tracking Subsystem,,,,,,,,,,,,
MM,Mission Manager,,,,,,,,,,,,
MMAWP,Multi-Messenger Astrophysics Work Package,,,,,,,,,,,,
MMH,Monomethyl Hydrazine,,,,,,,,,,,,
MMIC,Monolithic Microwave Integrated Circuit,,,,,,,,,,,,
MO,Maser Oscillator,,,,,,,,,,,,
MO,molybdenum,,,,,,,,,,,,
MOAD,Mission Operations Assumptions Document,,,,,,,,,,,,
MOC,Mission Operations Centre,,,,,,,,,,,,
MOFPA,Master Oscillator Fibre Power Amplifier,,,,,,,,,,,,
MOI,Moment of Inertia,,,,,,,,,,,,
MON-3,Mixed Oxides Of Nitrogen With Si3 Nitric Oxide,,,,,,,,,,,,
MOPA,Master Oscillator Power Amplifier,,,,,,,,,,,,
MOQ,Minimum Order Quantity,,,,,,,,,,,,
MOS,Margin of Safety,,,,,,,,,,,,
MOSA,Moving Optical Sub-Assembly,,,,,,,,,,,,
MOT,Magneto-Optical Trap,,,,,,,,,,,,
MOTHER-S/C,Mother spacecraft,,,,,,,,,,,,
MOU,Memorandum of Understanding,,,,,,,,,,,,
MPA,Micro Propulsion Assembly,,,,,,,,,,,,
MPE,Max Planck Institute for Extraterrestrial Physics,,,,,,,,,,,,
MPE,Micro Propulsion Electronics,,,,,,,,,,,,
MPR,Mission Performance Requirement,,,,,,,,,,,,
MPS,Micro Propulsion System,,,,,,,,,,,,
MR,Measurement Requirement,,,,,,,,,,,,
MR,Mission Requirement,,,,,,,,,,,,
MRD,Mission Requirements Document,,,,,,,,,,,,
MRF,Mechanical Reference Frame,,,,,,,,,,,,
MSS,Mosa Support Structure,,,,,,,,,,,,
MTA,Micro Propulsion Thruster Assembly,,,,,,,,,,,,
MTL,Mission Time Line,,,,,,,,,,,,
MRL,Manufacturing readiness Level,,,,,,,,,,,,
MTR,Mid-Term Review,,,,,,,,,,,,
MTS,Metasurface (antennas),,,,,,,,,,,,
NA,Numerical Aperture,,,,,,,,,,,,
"NA, N/A ",Not Applicable,,,,,,,,,,,,
NANOGRAV,North American Nanohertz Observatory for Gravitational Waves,,,,,,,,,,,,
NASA,National Aeronautic and Space Administration,,,,,,,,,,,,
NCO,numerically controlled oscillator,,,,,,,,,,,,
NCR,Non Conformance Report,,,,,,,,,,,,
NCTS,Non-Conformance Tracking System,,,,,,,,,,,,
NDA,Non-Disclosure Agreement,,,,,,,,,,,,
NDA,Non-Destructive Analysis,,,,,,,,,,,,
NDI,Non-Destructive Inspection,,,,,,,,,,,,
NEA,Non Explosive Actuator,,,,,,,,,,,,
NECP,Near Earth Commissioning Phase,,,,,,,,,,,,
NECR,Near Earth Commissioning Review,,,,,,,,,,,,
NEP,Noise Equivalent Power,,,,,,,,,,,,
NGGM,Next-Generation Gravity Mission,,,,,,,,,,,,
NGMP,Next Generation Micro Processor,,,,,,,,,,,,
NGO,New Gravitational Wave Observatory,,,,,,,,,,,,
NGRM,Next Generation Radiation Monitor,,,,,,,,,,,,
NICM,NASA Instrument Cost Model,,,,,,,,,,,,
NLS,NASA Launch Services,,,,,,,,,,,,
NLSO,NASA LISA Study Office,,,,,,,,,,,,
NLST,Nasa Lisa Study Team,,,,,,,,,,,,
NPMB,National Project Manager Board,,,,,,,,,,,,
NPRO,Non-Planar Ring Oscillator,,,,,,,,,,,,
NR,Numerical Relativity,,,,,,,,,,,,
NRB,Nonconformance Review Board,,,,,,,,,,,,
NRAC,Non-Recurrent Agent Cost,,,,,,,,,,,,
NRC,National Research Council,,,,,,,,,,,,
NRC,Non-Recurrent Cost,,,,,,,,,,,,
NRE,Non-Recurring Engineering,,,,,,,,,,,,
NRE,Non-Recurrent Expense,,,,,,,,,,,,
NRT,Near-Real-Time Pipeline,,,,,,,,,,,,
NRVC,Non-Recurrent Vendor Cost,,,,,,,,,,,,
NRZ-L,Non Return To Zero Level,,,,,,,,,,,,
NS,Neutron Star,,,,,,,,,,,,
NSGS,NASA Science Ground Segment,,,,,,,,,,,,
NSP,Nominal Science Phase,,,,,,,,,,,,
NSP,Nominal Science Phase,,,,,,,,,,,,
NSPIRES,NASA Solicitation and Proposal Integrated Review and Evaluation System,,,,,,,,,,,,
NWNH,New Worlds New Horizons,,,,,,,,,,,,
OAM,Optical Assembly Mechanics,,,,,,,,,,,,
OAS,Optical Assembly Subsystem,,,,,,,,,,,,
OATM,Optical Assembly Tracking Mechanism,,,,,,,,,,,,
OB,Optical Bench,,,,,,,,,,,,
OBA,Optical Bench Assembly,,,,,,,,,,,,
OBC,On-Board Computer,,,,,,,,,,,,
OBCP,On-Board Control Procedure,,,,,,,,,,,,
OBS,Organisation Breakdown Structure,,,,,,,,,,,,
OBSW,On-Board Software,,,,,,,,,,,,
OBT,On-Board Time,,,,,,,,,,,,
OCP,Over Current Protection,,,,,,,,,,,,
OCR,Observatory Commissioning Review,,,,,,,,,,,,
OGS,Operational Ground Segment,,,,,,,,,,,,
OGSE,Optical Ground Support Equipment,,,,,,,,,,,,
OICD,Optical ICD,,,,,,,,,,,,
OIRF,Optical Interface Reference Frame,,,,,,,,,,,,
OM,Optical Model,,,,,,,,,,,,
OMC,Opto-Mechanical Chain,,,,,,,,,,,,
OMS,Optical Metrology System,,,,,,,,,,,,
OP,Optical Path,,,,,,,,,,,,
OPL,Optical Path Length,,,,,,,,,,,,
OR,Operational Requirement,,,,,,,,,,,,
ORO,Optical Read-Out,,,,,,,,,,,,
OT,optical truss,,,,,,,,,,,,
OTM,Optical Thermal Model,,,,,,,,,,,,
OTS,Off The Shelf,,,,,,,,,,,,
OTS,Optical Test Subsystem,,,,,,,,,,,,
OVP,Over Voltage Protection,,,,,,,,,,,,
PA,Product Assurance,,,,,,,,,,,,
PA&S,Product Assurance and Safety,,,,,,,,,,,,
PAA,Point-Ahead Angle,,,,,,,,,,,,
PAAM,Point-Ahead Angle Mechanism,,,,,,,,,,,,
PAC,Particulate Contamination,,,,,,,,,,,,
PAD,Parts Approval Document,,,,,,,,,,,,
PAN-STARRS,The Panoramic Survey Telescope & Rapid Response System,,,,,,,,,,,,
PAR,phase accumulation register,,,,,,,,,,,,
PARD,Product Assurance and Safety Requirement Document,,,,,,,,,,,,
PARX,public archive,,,,,,,,,,,,
PATP,Preliminary Authorisation To Proceed,,,,,,,,,,,,
PBH,Primordial Black Hole,,,,,,,,,,,,
PBS,Polarising Beam Splitter (might be an LPF acronym),,,,,,,,,,,,
PCB,Parts Control Board,,,,,,,,,,,,
PCB,Printed Circuit Board,,,,,,,,,,,,
PCC,Payload Control Computer,,,,,,,,,,,,
PCDU,Power Control And Distribution Unit,,,,,,,,,,,,
PCOS,Physics of the Cosmos,,,,,,,,,,,,
PCP,Payload Commanding and Processing,,,,,,,,,,,,
PCP-GSE,Payload Commanding and Processing Ground Support Equipment,,,,,,,,,,,,
PCU,Phasemeter Control Unit,,,,,,,,,,,,
PCU,Power Conditioning Unit,,,,,,,,,,,,
PD,Photo Diode,,,,,,,,,,,,
PDF,Probability Density Function,,,,,,,,,,,,
PDH,Probability Data Handling,,,,,,,,,,,,
PDR,Preliminary Design Review,,,,,,,,,,,,
PER,Polarisation Extinction Ratio,,,,,,,,,,,,
PFCI,Potential Fracture Critical Item,,,,,,,,,,,,
PFM,Proto-Flight Model,,,,,,,,,,,,
PFO,Particle fallout,,,,,,,,,,,,
PIAR,Performance and Impact Assessment Review,,,,,,,,,,,,
PIR,phase increment register,,,,,,,,,,,,
P/L,Payload,,,,,,,,,,,,
PL,Power-Law (model),,,,,,,,,,,,
PL,Plan,,,,,,,,,,,,
PLAU,Pre-Launch,,,,,,,,,,,,
PLL,Phase-Locked Loop,,,,,,,,,,,,
PLS,Power Law Sensitivity,,,,,,,,,,,,
PM,Project Management,,,,,,,,,,,,
PM,Phase Meter,,,,,,,,,,,,
PM,Proof Mass,,,,,,,,,,,,
PMDSP,Phase Meter Digital Signal Processor,,,,,,,,,,,,
PMF,Polarization-Maintaining Fibre,,,,,,,,,,,,
PMFDE,Phase Meter Frequency Distribution Electronics,,,,,,,,,,,,
PMFEE,Phase Meter Front-End Electronics,,,,,,,,,,,,
PMP,"Parts, Materials and Processes",,,,,,,,,,,,
PMON,Power Monitor(s),,,,,,,,,,,,
PMR,Payload Management Requirements,,,,,,,,,,,,
PMS,Phase Measurement Subsystem,,,,,,,,,,,,
PN,Post-Newtonian,,,,,,,,,,,,
PO,Purchase Order,,,,,,,,,,,,
POR,Payload Operations Request,,,,,,,,,,,,
PPE,Parameterized Post-Einsteinian,,,,,,,,,,,,
PPR,Proper Pseudo-Range,,,,,,,,,,,,
PPS,Pulse Per Second,,,,,,,,,,,,
PPTA,Parkes Pulsar Timing Array,,,,,,,,,,,,
PPU,Power Processing Unit,,,,,,,,,,,,
PRD,Payload Requirement Document,,,,,,,,,,,,
PRDS,Phase Reference Distribution System,,,,,,,,,,,,
PRDS-OGSE,Phase Reference Distribution System - Optical Ground Support Equipment,,,,,,,,,,,,
PRN,Pseudo-Random (Speudo Noise),,,,,,,,,,,,
PRT,Platinum Resistance Thermometers,,,,,,,,,,,,
PS,Project Scientist,,,,,,,,,,,,
PSD,Power Spectral Density,,,,,,,,,,,,
PSF,Point-Spread Function,,,,,,,,,,,,
PSM,Power Supply Module,,,,,,,,,,,,
PSR,Pulsar,,,,,,,,,,,,
PT,Pilot Tone,,,,,,,,,,,,
Pt,platinum,,,,,,,,,,,,
PTA,Pulsar Timing Array,,,,,,,,,,,,
PTF,Palomar Transient Factory,,,,,,,,,,,,
PTR,Post Test Review,,,,,,,,,,,,
PUS,Packet Utilisation Standard,,,,,,,,,,,,
PVA,Photovoltaic Assembly,,,,,,,,,,,,
PVC,Polyvinyl Chloride,,,,,,,,,,,,
PY,Person Years,,,,,,,,,,,,
QA,Quality Assurance,,,,,,,,,,,,
QCI,Quality Conformance Inspection,,,,,,,,,,,,
QE,Quantum Efficiency,,,,,,,,,,,,
QM,Qualification Model,,,,,,,,,,,,
QML,Qualified Manufacturer List,,,,,,,,,,,,
QNM,Quasi-Normal Mode,,,,,,,,,,,,
QPD,Quadrant Photodetector,,,,,,,,,,,,
QPL,Qualified Product List,,,,,,,,,,,,
QPR,Quadrant Photo-Receiver,,,,,,,,,,,,
QR,Qualification Review,,,,,,,,,,,,
QSL,Quasi-Static Load,,,,,,,,,,,,
QSL,Qualification Status List,,,,,,,,,,,,
QSO,Quasi-Stellar Object,,,,,,,,,,,,
RAAN,Right Ascension of the Ascending Note,,,,,,,,,,,,
RACS,Reaction and Attitude Control subsystem (combined RCS and MPS),,,,,,,,,,,,
RAD,Radiation,,,,,,,,,,,,
RALA,Retarded to Advanced Light Angle,,,,,,,,,,,,
RAM,Random Access Memory,,,,,,,,,,,,
RAMS,"Reliability, Availability, Maintainability and Safety",,,,,,,,,,,,
RATS,Rapid Time Survey,,,,,,,,,,,,
RC,Recurrent Cost,,,,,,,,,,,,
RD,Reference Document,,,,,,,,,,,,
RDBMS,Relational Database Management System,,,,,,,,,,,,
RE,Radiated Emission,,,,,,,,,,,,
REF,Reference,,,,,,,,,,,,
REF,Reference Interferometer,,,,,,,,,,,,
RFA,Request for Approval,,,,,,,,,,,,
RF,Radio Frequency,,,,,,,,,,,,
RFA,Request for Frequency Assignment,,,,,,,,,,,,
RFD,Request for Deviation,,,,,,,,,,,,
RFDN,Radio Frequency Distribution Network,,,,,,,,,,,,
RFI,Request for Information,,,,,,,,,,,,
RFQ,Request for Quotation,,,,,,,,,,,,
RFT,Reduced Functional Test,,,,,,,,,,,,
RFW,Request for Waiver,,,,,,,,,,,,
RGMM,Reduced Geometrical Mathematical Model,,,,,,,,,,,,
RH,Reference Hole,,,,,,,,,,,,
RH,Relative Humidity,,,,,,,,,,,,
RHCP,Right Hand Circular Polarization,,,,,,,,,,,,
RID,Review Item Discrepancy,,,,,,,,,,,,
RIN,Relative Intensity Noise,,,,,,,,,,,,
RIT,Radio-Frequency Ion Thruster,,,,,,,,,,,,
RIU,Remote Interface Unit,,,,,,,,,,,,
R-LCL,Retriggerable Latching current limiter,,,,,,,,,,,,
RLD,Retarded Light Direction,,,,,,,,,,,,
RM,Radiation Monitor,,,,,,,,,,,,
rms,Root Mean Square,,,,,,,,,,,,
ROM,Read Only Memory,,,,,,,,,,,,
ROM,Rough Order of Magnitude,,,,,,,,,,,,
RPE,"Relative Pointing Error (= jitter, = pointing stability)",,,,,,,,,,,,
RSS,Root Sum Square,,,,,,,,,,,,
RTB,Real-time Test Bed,,,,,,,,,,,,
RTMM,Reduced Thermal Mathematical Model,,,,,,,,,,,,
RTOS,Real Time Operating System,,,,,,,,,,,,
RS,Radiated Susceptibility,,,,,,,,,,,,
RU,Reference Unit,,,,,,,,,,,,
RT,Remote Terminal,,,,,,,,,,,,
RTU,Remote Terminal Unit,,,,,,,,,,,,
RVT,Radiation Verification Testing,,,,,,,,,,,,
RX,Received Laser (from far Spacecraft),,,,,,,,,,,,
RX,Receiver,,,,,,,,,,,,
RXTE,Rossi X-Ray Timing Explorer,,,,,,,,,,,,
SA,Sub Address,,,,,,,,,,,,
SA,Solar Array,,,,,,,,,,,,
SARD,System AIV Requirements Document,,,,,,,,,,,,
SAU,Sensing and Actuation Unit,,,,,,,,,,,,
SAVOIR,Space AVionics Open Interface aRchitecture,,,,,,,,,,,,
SBCC,Single Board Computer Core,,,,,,,,,,,,
SBDL,Standard Balanced Digital Link,,,,,,,,,,,,
SBH,stellar-mass Black Hole,,,,,,,,,,,,
SBHB,stellar-mass Black Hole binary,,,,,,,,,,,,
SBS,Stimulated Brillouin Scattering,,,,,,,,,,,,
"SC, S/C",Spacecraft,,,,,,,,,,,,
SC,Steering Committee,,,,,,,,,,,,
SCET,Spacecraft Elapsed Time,,,,,,,,,,,,
SCC,Stress Corrosion Cracking,,,,,,,,,,,,
SCF,Software Configuration File,,,,,,,,,,,,
SCI,Science Interferometer,,,,,,,,,,,,
SCCP,System Commissioning and Calibration Phase,,,,,,,,,,,,
SCMP,Software Configuration Management Plan,,,,,,,,,,,,
SCI-SD,Development Division of SCI-S,,,,,,,,,,,,
SCIRD,Science Requirements Document,,,,,,,,,,,,
SCO,Stellar-mass Compact Object,,,,,,,,,,,,
SCOC,Science Operations Coordinator,,,,,,,,,,,,
SCOE,Special Check Out Equipment,,,,,,,,,,,,
SCU,Signal Conditioning Unit,,,,,,,,,,,,
SCT,Special Condition Of Tender,,,,,,,,,,,,
SDB,System Data Base,,,,,,,,,,,,
SDS,Science Diagnostic System,,,,,,,,,,,,
SEE,Single Event Effect,,,,,,,,,,,,
SEFI,Single Event Functional Interruption,,,,,,,,,,,,
SEL,Single Event Latch-up,,,,,,,,,,,,
SEP,Solar Energetic Particle,,,,,,,,,,,,
SEP,Solar Electric Propulsion,,,,,,,,,,,,
SET,Single Event Transient,,,,,,,,,,,,
SEU,Single Event Upset,,,,,,,,,,,,
SET,Supplier Evaluation Tool,,,,,,,,,,,,
SDM,SOC Development Manager,,,,,,,,,,,,
SDP,system data pool,,,,,,,,,,,,
SDS,Science Diagnostics Subsystem,,,,,,,,,,,,
SDSS,Sloan Digital Sky Survey,,,,,,,,,,,,
SE,System Engineer(ing),,,,,,,,,,,,
SEO,System Engineering Office,,,,,,,,,,,,
SEP,Solar Energetic Particle,,,,,,,,,,,,
SEPD,Single-Element Photo Diode,,,,,,,,,,,,
SGICD,Space to Ground ICD,,,,,,,,,,,,
SGM,Safeguard Memory,,,,,,,,,,,,
SGO,Space-based Gravitational-wave Observatory,,,,,,,,,,,,
SGS,Science Ground Segment,,,,,,,,,,,,
SGWB,Stochastic Gravitational-wave Background,,,,,,,,,,,,
SI,Science investigation,,,,,,,,,,,,
SIA,Sun Incident Angle,,,,,,,,,,,,
SiC,Silicon Carbide,,,,,,,,,,,,
SIM,Space Interferometry Mission,,,,,,,,,,,,
SIP,Science Implementation Plan,,,,,,,,,,,,
SIPS,Science Implementation Plans,,,,,,,,,,,,
SIR,System Integration Review,,,,,,,,,,,,
SIRD,Science Implementation Requirements Document,,,,,,,,,,,,
SISO,Single Input/Single Output,,,,,,,,,,,,
SIWP,Science Interpretation Work Package,,,,,,,,,,,,
SKA,Square Kilometre Array,,,,,,,,,,,,
SKM,Station Keeping Manoeuvre,,,,,,,,,,,,
SL,Scatter Light,,,,,,,,,,,,
SLI,Single Layer Insulation,,,,,,,,,,,,
SMBH,Super-Massive Black Hole,,,,,,,,,,,,
SM,Structural Model,,,,,,,,,,,,
SMC,Small Magellanic Cloud,,,,,,,,,,,,
SMF,Single Mode Fiber,,,,,,,,,,,,
SMM,Structural Mathematical Model,,,,,,,,,,,,
SMP,Science Management Plan,,,,,,,,,,,,
SNR,Signal-To-Noise Ratio,,,,,,,,,,,,
SMT,Surface mounted technology,,,,,,,,,,,,
SMD,Surface mount device,,,,,,,,,,,,
SO,Science objective,,,,,,,,,,,,
SOAD,Science Operations Assumptions Document,,,,,,,,,,,,
SOBH,Stellar origin black hole,,,,,,,,,,,,
SOBHB,Stellar Origin Black Hole Binary,,,,,,,,,,,,
SOC,Science Operation Centre,,,,,,,,,,,,
SoC,State of Charge,,,,,,,,,,,,
SOCD,Science Operations Concept Document,,,,,,,,,,,,
SODPC,Science Operations Data Processing Center,,,,,,,,,,,,
SOSL,Science Operations Study Lead,,,,,,,,,,,,
SOVT,Science Operations Verifications Tests,,,,,,,,,,,,
SOW,Statement Of Work,,,,,,,,,,,,
SP,Settable Parameters,,,,,,,,,,,,
SPA,Stationary Phase Approximation,,,,,,,,,,,,
SPACOM,Space Control,,,,,,,,,,,,
SPB,Senior Procurement Board,,,,,,,,,,,,
SPC,Science Programme Committee,,,,,,,,,,,,
SPF,Single Point Failure,,,,,,,,,,,,
SPFF,Single Point Failure Free,,,,,,,,,,,,
SPR,Software Problem Report,,,,,,,,,,,,
SPW,SpaceWire,,,,,,,,,,,,
SQUID,Superconducting Quantum Interference Device,,,,,,,,,,,,
SRDB,System Reference Database,,,,,,,,,,,,
SRF,Spacecraft Reference Frame,,,,,,,,,,,,
SRP,Solar Radiation Pressure,,,,,,,,,,,,
SRD,System Requirements Document,,,,,,,,,,,,
SRON,Netherlands Institute for Space Research,,,,,,,,,,,,
SRR,System Requirements Review,,,,,,,,,,,,
SRS,spacecraft reference system,,,,,,,,,,,,
"SS, S/S",Sub-system,,,,,,,,,,,,
SSB,Solar System Barycenter,,,,,,,,,,,,
SSF,Structural Scaling Factor,,,,,,,,,,,,
SSS,SW System Specifications,,,,,,,,,,,,
SSO,Swiss Space Office,,,,,,,,,,,,
SST,Science Study Team,,,,,,,,,,,,
STE,Service Time Equivalent,,,,,,,,,,,,
STM,Structural Thermal Model,,,,,,,,,,,,
STOC,Science Technology Operations Centre,,,,,,,,,,,,
STOM,Structural Optical Model,,,,,,,,,,,,
STOP,Structural Thermo-Optical Performance,,,,,,,,,,,,
STP,Science Topical Panel,,,,,,,,,,,,
STR,Star Tracker,,,,,,,,,,,,
SUM,SW User Manual,,,,,,,,,,,,
SUSW,Start-up SW,,,,,,,,,,,,
SVF,SW Validation Facility,,,,,,,,,,,,
SVT,System Verification Test,,,,,,,,,,,,
"SW, S/W",Software,,,,,,,,,,,,
SWT,Ngo Science Working Team,,,,,,,,,,,,
TA,Telescope Assembly,,,,,,,,,,,,
TAA,Technical Assistance Agreement,,,,,,,,,,,,
TB(T),Thermal Balance (Test),,,,,,,,,,,,
TBC,To Be Confirmed,,,,,,,,,,,,
TBD,To Be Defined,,,,,,,,,,,,
TBM,Trimming Balance Mass,,,,,,,,,,,,
TBW,To Be Written,,,,,,,,,,,,
TC,Telecommand,,,,,,,,,,,,
TC/TM,Telecommand/Telemetry,,,,,,,,,,,,
TCB,Barycentric Coordinate Time,,,,,,,,,,,,
TCG,Geocentric Coordinate Time,,,,,,,,,,,,
TCLS,Triple Core LockStep,,,,,,,,,,,,
TCM,Trajectory Correction Manoeuvre,,,,,,,,,,,,
TCS,Thermal Control Subsystem,,,,,,,,,,,,
TCVR,Transceiver,,,,,,,,,,,,
TDA,Technology Development Activities,,,,,,,,,,,,
TDI,Time-Delay Interferometry,,,,,,,,,,,,
TDI X,LISA's 2-arm configuration,,,,,,,,,,,,
TECC,Transient Event Coordination Committee,,,,,,,,,,,,
Ti,Titanium,,,,,,,,,,,,
TIA,Transimpedance Amplifiers,,,,,,,,,,,,
TID,Total Ionising Dose,,,,,,,,,,,,
TL or TEL,Telescope,,,,,,,,,,,,
TM,Test Mass (Often Proof Mass),,,,,,,,,,,,
TM,Telemetry,,,,,,,,,,,,
TM-I/F,Test Mass Interface,,,,,,,,,,,,
TM-OGSE,Test-Mass Optical Ground Equipment,,,,,,,,,,,,
"TM/TC, TMTC",Telemetry/Telecommand,,,,,,,,,,,,
TMI,test mass interferometer,,,,,,,,,,,,
TMM,Thermal Mathematical Model,,,,,,,,,,,,
TML,Total Mass Loss,,,,,,,,,,,,
TN,Technical Note,,,,,,,,,,,,
TNID,Total Non-Ionising Dose,,,,,,,,,,,,
TNO,Nederlandse Organisatie voor Toegepast Natuurwetenschappelijk Onderzoek,,,,,,,,,,,,
TOBA,Telescope & Optical Bench Assembly,,,,,,,,,,,,
TOGA,"Telescope, Optical Bench & GRS Assembly",,,,,,,,,,,,
TP,Transfer Phase,,,,,,,,,,,,
TPRO,Test Procedure,,,,,,,,,,,,
TRA,Technology Readiness Assessment,,,,,,,,,,,,
TRB,Test Review Board,,,,,,,,,,,,
TRIP,Technical Readiness and Implementation Plan,,,,,,,,,,,,
TRL,Technology Readiness Level,,,,,,,,,,,,
TRP,Temperature Reference Points,,,,,,,,,,,,
TRR,Test Readiness Review,,,,,,,,,,,,
TS,Transmission Stage,,,,,,,,,,,,
TSM,Temperature Sensor Monitor,,,,,,,,,,,,
TSP,Temporal and Spatial Partitioning,,,,,,,,,,,,
TSPE,Test specification,,,,,,,,,,,,
TT&C,"Telemetry, Tracking, And Command",,,,,,,,,,,,
TTL,Tilt-to-Length,,,,,,,,,,,,
TVAC,Thermal Vacuum,,,,,,,,,,,,
TVC,Total Vendor Cost,,,,,,,,,,,,
TVT,Thermal Vacuum Test,,,,,,,,,,,,
TWTA,Traveling-Wave Tube Amplifier,,,,,,,,,,,,
TX,Transmission,,,,,,,,,,,,
TX,Transmitted Laser (main laser in OB),,,,,,,,,,,,
UART,Universal Asynchronous Receiver Transmitter,,,,,,,,,,,,
UCB,Ultra-Compact Binaries,,,,,,,,,,,,
UIC,Unit Identification Code,,,,,,,,,,,,
UKSA,United Kingdom Space Agency,,,,,,,,,,,,
UFL,University of Florida - Gainesville,,,,,,,,,,,,
UGL,University of Glasgow,,,,,,,,,,,,
ULX,Ultra-Luminous X-ray source,,,,,,,,,,,,
URF,Unit Reference Frame,,,,,,,,,,,,
URL,Uniform Resource Locator,,,,,,,,,,,,
US,Ultra-Sonic,,,,,,,,,,,,
USO,Ultra-Stable Oscillator,,,,,,,,,,,,
UTC,Coordinated Universal Time,,,,,,,,,,,,
UT,University of Trento,,,,,,,,,,,,
UV,Ultra-Violet,,,,,,,,,,,,
V&V,Verification and Validation,,,,,,,,,,,,
VAST,Variables And Slow Transients,,,,,,,,,,,,
VB,Verification Binary,,,,,,,,,,,,
VC,Vacuum Chamber,,,,,,,,,,,,
VCD,Verification Control Document,,,,,,,,,,,,
VCM,Verification Control Matrix,,,,,,,,,,,,
VD,Vent Duct,,,,,,,,,,,,
VE,Vacuum Enclosure,,,,,,,,,,,,
VEF,Vacuum Enclosure Frame,,,,,,,,,,,,
VIRGO,Virgo,,,,,,,,,,,,
VLBI,Very-long-baseline interferometry,,,,,,,,,,,,
VM,Verification Method,,,,,,,,,,,,
VMS,Very Massive Star,,,,,,,,,,,,
VP,Verification Program,,,,,,,,,,,,
W,tungsten,,,,,,,,,,,,
WAVWG,Waveform Working Group,,,,,,,,,,,,
WBS,Work Breakdown Structure,,,,,,,,,,,,
WCA,Worst Case Analysis,,,,,,,,,,,,
WD,White Dwarf,,,,,,,,,,,,
WD,Watch Dog,,,,,,,,,,,,
WFE,Wave Front Error,,,,,,,,,,,,
WG,Working Group,,,,,,,,,,,,
WMAP,Wilkison Microwave Anisotropy Probe,,,,,,,,,,,,
WP,Work Package,,,,,,,,,,,,
WR,Wide Range,,,,,,,,,,,,
WSB,Weak Stability Boundary,,,,,,,,,,,,
XDA,X-band Downlink Assembly,,,,,,,,,,,,
XGNSB,Extragalactic Neutron Star Binary,,,,,,,,,,,,
XML,Extensible Markup Language,,,,,,,,,,,,
YB,ytterbium,,,,,,,,,,,,
ZAR,Zemax Archive File,,,,,,,,,,,,
ZIFO,Zerudur Interferomenter,,,,,,,,,,,,
ZTF,Zwicky Transient Facility,,,,,,,,,,,,
FSUA,Fibre Switch Unit Actuator,,,,,,,,,,,,
SDPC,Signal Data Processing Chain,,,,,,,,,,,,
FSUS,Fine Steering Unit Sensor,,,,,,,,,,,,
HU,Hosted Unit,,,,,,,,,,,,